{
  "seq_acc": 0.7182320441988951,
  "parse_validity": 1.0,
  "BLEU": 0.940372443496064,
  "loss": 0.036643149641652904
}