{
  "seq_acc": 0.7679558011049724,
  "parse_validity": 0.9972375690607734,
  "BLEU": 0.9580242591849911,
  "loss": 0.03755177122851213
}