{
  "seq_acc": 0.7569060773480663,
  "parse_validity": 0.9861878453038674,
  "BLEU": 0.9437463968495778,
  "loss": 0.05963029091556867
}