{
  "seq_acc": 0.6657458563535912,
  "parse_validity": 1.0,
  "BLEU": 0.91682311305802,
  "loss": 0.09434749620656173
}