{
  "seq_acc": 0.5386740331491713,
  "parse_validity": 1.0,
  "BLEU": 0.9133774078152419,
  "loss": 0.0625598852833112
}