{
  "seq_acc": 0.7016574585635359,
  "parse_validity": 0.9861878453038674,
  "BLEU": 0.9429080441973919,
  "loss": 0.05315918754786253
}