{
  "seq_acc": 0.6712707182320442,
  "parse_validity": 1.0,
  "BLEU": 0.9146933273897688,
  "loss": 0.0938824309522043
}