{
  "seq_acc": 0.6724137931034483,
  "parse_validity": 1.0,
  "BLEU": 0.9665786880975616,
  "loss": 0.02958514541387558
}