{
  "seq_acc": 0.853448275862069,
  "parse_validity": 1.0,
  "BLEU": 0.9852759879408756,
  "loss": 0.01571457996033132
}