{
  "seq_acc": 0.7974137931034483,
  "parse_validity": 0.9956896551724138,
  "BLEU": 0.9787858776192442,
  "loss": 0.02096595987677574
}