{
  "seq_acc": 0.7198275862068966,
  "parse_validity": 0.9956896551724138,
  "BLEU": 0.970029733000773,
  "loss": 0.03409555787220597
}