{
  "seq_acc": 0.38362068965517243,
  "parse_validity": 0.9913793103448276,
  "BLEU": 0.9344461803676334,
  "loss": 0.04901533620432019
}