{
  "seq_acc": 0.9094827586206896,
  "parse_validity": 1.0,
  "BLEU": 0.9909118454813949,
  "loss": 0.01083904318511486
}