{
  "seq_acc": 0.7025862068965517,
  "parse_validity": 1.0,
  "BLEU": 0.9678846172602299,
  "loss": 0.018426059931516647
}