{
  "seq_acc": 0.6567164179104478,
  "parse_validity": 0.9970149253731343,
  "BLEU": 0.9364375204829458,
  "loss": 0.033465877485771976
}