{
  "seq_acc": 0.7791044776119403,
  "parse_validity": 1.0,
  "BLEU": 0.9707693672038343,
  "loss": 0.025693727812419336
}