{
  "seq_acc": 0.9134328358208955,
  "parse_validity": 1.0,
  "BLEU": 0.9837739783749848,
  "loss": 0.02243212020645539
}