{
  "seq_acc": 0.808955223880597,
  "parse_validity": 1.0,
  "BLEU": 0.955575302667479,
  "loss": 0.03509581151107947
}