{
  "seq_acc": 0.4208955223880597,
  "parse_validity": 1.0,
  "BLEU": 0.9002687481709819,
  "loss": 0.0504072035352389
}