{
  "seq_acc": 0.8208955223880597,
  "parse_validity": 1.0,
  "BLEU": 0.9709441639830061,
  "loss": 0.023937489992628496
}