{
  "seq_acc": 0.8,
  "parse_validity": 1.0,
  "BLEU": 0.9437691691678546,
  "loss": 0.04106423504916685
}