{
  "seq_acc": 0.11878453038674033,
  "parse_validity": 0.7348066298342542,
  "BLEU": 0.6637451870133048,
  "loss": 0.3928681015968323
}