{
  "seq_acc": 0.1685082872928177,
  "parse_validity": 0.8259668508287292,
  "BLEU": 0.6688976754342598,
  "loss": 0.47116092840830487
}