{
  "seq_acc": 0.03038674033149171,
  "parse_validity": 0.56353591160221,
  "BLEU": 0.5878975986529623,
  "loss": 0.7036532163619995
}