{
  "seq_acc": 0.08287292817679558,
  "parse_validity": 0.9696132596685083,
  "BLEU": 0.4133221176042558,
  "loss": 0.7679197440544764
}