{
  "seq_acc": 0.09116022099447514,
  "parse_validity": 0.9861878453038674,
  "BLEU": 0.531780157312285,
  "loss": 0.5357626527547836
}