{
  "seq_acc": 0.10773480662983426,
  "parse_validity": 0.7817679558011049,
  "BLEU": 0.6809484620417887,
  "loss": 0.5120363980531693
}