{
  "seq_acc": 0.1298342541436464,
  "parse_validity": 0.9392265193370166,
  "BLEU": 0.5831856538258969,
  "loss": 0.5797210996565612
}