{
  "seq_acc": 0.9014925373134328,
  "parse_validity": 1.0,
  "BLEU": 0.9823217257087123,
  "loss": 0.018245254022379715
}