{
  "seq_acc": 0.8149253731343283,
  "parse_validity": 1.0,
  "BLEU": 0.9773810304884312,
  "loss": 0.022530093633880217
}