{
  "seq_acc": 0.8895522388059701,
  "parse_validity": 0.9940298507462687,
  "BLEU": 0.9783290259734065,
  "loss": 0.028356995433568954
}