{
  "seq_acc": 0.8149253731343283,
  "parse_validity": 1.0,
  "BLEU": 0.9457003000826895,
  "loss": 0.04332180631657442
}