{
  "seq_acc": 0.8537313432835821,
  "parse_validity": 0.9970149253731343,
  "BLEU": 0.9755412319393743,
  "loss": 0.02194208682825168
}