{
  "seq_acc": 0.45671641791044776,
  "parse_validity": 1.0,
  "BLEU": 0.923820919231247,
  "loss": 0.048650821670889854
}