{
  "seq_acc": 0.8388059701492537,
  "parse_validity": 1.0,
  "BLEU": 0.9562329205741932,
  "loss": 0.03702107047484744
}