{
  "seq_acc": 0.7209944751381215,
  "parse_validity": 1.0,
  "BLEU": 0.9451114121930508,
  "loss": 0.04047658170262972
}