{
  "seq_acc": 0.6988950276243094,
  "parse_validity": 0.988950276243094,
  "BLEU": 0.9293485971843143,
  "loss": 0.0399696941797932
}