{
  "seq_acc": 0.7707182320441989,
  "parse_validity": 0.9861878453038674,
  "BLEU": 0.9522984812905345,
  "loss": 0.059147993413110576
}