{
  "seq_acc": 0.6657458563535912,
  "parse_validity": 1.0,
  "BLEU": 0.9272891865310039,
  "loss": 0.08008548493186633
}