{
  "seq_acc": 0.5082872928176796,
  "parse_validity": 1.0,
  "BLEU": 0.8973773616810676,
  "loss": 0.06532503540317218
}