{
  "seq_acc": 0.6850828729281768,
  "parse_validity": 0.9917127071823204,
  "BLEU": 0.9347718166281029,
  "loss": 0.05463685902456442
}