{
  "seq_acc": 0.6104972375690608,
  "parse_validity": 0.994475138121547,
  "BLEU": 0.9083034719388718,
  "loss": 0.09509497573194296
}