{
  "seq_acc": 0.8806584362139918,
  "parse_validity": 1.0,
  "BLEU": 0.9700557554059426,
  "loss": 0.015083004022017121
}