{
  "seq_acc": 0.7695473251028807,
  "parse_validity": 0.9835390946502057,
  "BLEU": 0.9653294603094562,
  "loss": 0.025348142255097628
}