{
  "seq_acc": 0.823045267489712,
  "parse_validity": 0.9876543209876543,
  "BLEU": 0.9738573675574557,
  "loss": 0.02016259031370282
}