{
  "seq_acc": 0.8148148148148148,
  "parse_validity": 1.0,
  "BLEU": 0.9749801242922514,
  "loss": 0.025701995939016342
}