{
  "seq_acc": 0.9218106995884774,
  "parse_validity": 1.0,
  "BLEU": 0.9866195653880061,
  "loss": 0.011698223534040153
}