{
  "seq_acc": 0.6337448559670782,
  "parse_validity": 0.9835390946502057,
  "BLEU": 0.9456901856217074,
  "loss": 0.04407330043613911
}