{
  "seq_acc": 0.7942386831275721,
  "parse_validity": 1.0,
  "BLEU": 0.9718541494939418,
  "loss": 0.020869389009021688
}