{
  "seq_acc": 0.06567164179104477,
  "parse_validity": 0.7164179104477612,
  "BLEU": 0.6816790888895146,
  "loss": 0.4124307135740916
}