{
  "seq_acc": 0.06567164179104477,
  "parse_validity": 0.7074626865671642,
  "BLEU": 0.6296200502578327,
  "loss": 0.42730115354061127
}