{
  "seq_acc": 0.005970149253731343,
  "parse_validity": 0.47761194029850745,
  "BLEU": 0.5625035185207107,
  "loss": 0.7188095996777216
}