{
  "seq_acc": 0.01791044776119403,
  "parse_validity": 0.9283582089552239,
  "BLEU": 0.3581853810511489,
  "loss": 0.821182539065679
}