{
  "seq_acc": 0.056716417910447764,
  "parse_validity": 0.6626865671641791,
  "BLEU": 0.6442374886324407,
  "loss": 0.5087797145048777
}