{
  "seq_acc": 0.029850746268656716,
  "parse_validity": 1.0,
  "BLEU": 0.47912056649576124,
  "loss": 0.5701722105344137
}