{
  "seq_acc": 0.03880597014925373,
  "parse_validity": 0.9462686567164179,
  "BLEU": 0.556179840099242,
  "loss": 0.5868335174662727
}